{
  "name": "excel_admin",
  "version": "0.1.0",
  "private": true,
  "dependencies": {
    "apollo-boost": "^0.1.6",
    "apollo-cache-inmemory": "^1.2.1",
    "apollo-client": "^2.3.1",
    "apollo-link-context": "^1.0.8",
    "apollo-link-http": "^1.5.4",
    "axios": "^0.18.0",
    "chai": "^4.1.2",
    "chai-jquery": "^2.0.0",
    "graphql": "^0.13.2",
    "graphql-tag": "^2.9.2",
    "history": "^4.7.2",
    "jquery": "^3.3.1",
    "jsdom": "^11.10.0",
    "lodash": "^4.17.10",
    "mocha": "^5.1.1",
    "react": "^16.4.1",
    "react-addons-test-utils": "^15.6.2",
    "react-audio-recorder": "^2.1.0",
    "react-dom": "^16.4.1",
    "react-redux": "^5.0.7",
    "react-router": "^4.2.0",
    "react-router-dom": "^4.2.2",
    "react-router-redux": "^5.0.0-alpha.9",
    "react-scripts": "1.1.4",
    "react-table": "^6.8.6",
    "react-tabs": "^2.2.2",
    "react-validation": "^3.0.7",
    "redux": "^4.0.0",
    "redux-form": "^7.3.0",
    "redux-promise": "^0.5.3",
    "redux-thunk": "^2.2.0",
    "semantic-ui-css": "^2.3.3",
    "semantic-ui-react": "^0.82.0",
    "validator": "^10.2.0"
  },
  "scripts": {
    "start": "set PORT=8080 && react-scripts start",
    "build": "react-scripts build",
    "test": "react-scripts test --env=jsdom",
    "eject": "react-scripts eject"
  }
}
